,cpe23Uri,titles,vulnerabilities,feedTimestamp
0,cpe:2.3:a:10web:slider:1.2.17:*:*:*:*:wordpress:*:*,10Web Slider 1.2.17 for WordPress,['CVE-2021-24132'],2022-03-18T09:40Z
1,cpe:2.3:a:10web:slider:1.2.18:*:*:*:*:wordpress:*:*,10Web Slider 1.2.18 for WordPress,['CVE-2021-24132'],2022-03-18T09:40Z
2,cpe:2.3:a:10web:slider:1.2.19:*:*:*:*:wordpress:*:*,10Web Slider 1.2.19 for WordPress,['CVE-2021-24132'],2022-03-18T09:40Z
3,cpe:2.3:a:10web:slider:1.2.20:*:*:*:*:wordpress:*:*,10Web Slider 1.2.20 for WordPress,['CVE-2021-24132'],2022-03-18T09:40Z
4,cpe:2.3:a:10web:slider:1.2.21:*:*:*:*:wordpress:*:*,10Web Slider 1.2.21 for WordPress,['CVE-2021-24132'],2022-03-18T09:40Z
5,cpe:2.3:a:10web:slider:1.2.23:*:*:*:*:wordpress:*:*,10Web Slider 1.2.23 for WordPress,['CVE-2021-24132'],2022-03-18T09:40Z
6,cpe:2.3:a:10web:slider:1.2.24:*:*:*:*:wordpress:*:*,10Web Slider 1.2.24 for WordPress,['CVE-2021-24132'],2022-03-18T09:40Z
7,cpe:2.3:a:10web:slider:1.2.25:*:*:*:*:wordpress:*:*,10Web Slider 1.2.25 for WordPress,['CVE-2021-24132'],2022-03-18T09:40Z
8,cpe:2.3:a:10web:slider:1.2.26:*:*:*:*:wordpress:*:*,10Web Slider 1.2.26 for WordPress,['CVE-2021-24132'],2022-03-18T09:40Z
9,cpe:2.3:a:10web:slider:1.2.27:*:*:*:*:wordpress:*:*,10Web Slider 1.2.27 for WordPress,['CVE-2021-24132'],2022-03-18T09:40Z
