,cpe23Uri,titles,vulnerabilities,feedTimestamp
0,cpe:2.3:a:canonical:subiquity:19.12.1.1:*:*:*:*:*:*:*,Canonical Subiquity 19.12.1.1,['CVE-2020-11932'],2022-03-19T15:25Z
1,cpe:2.3:a:canonical:subiquity:19.12.1.5:*:*:*:*:*:*:*,Canonical Subiquity 19.12.1.5,['CVE-2020-11932'],2022-03-19T15:25Z
2,cpe:2.3:a:canonical:subiquity:19.12.2:*:*:*:*:*:*:*,Canonical Subiquity 19.12.2,['CVE-2020-11932'],2022-03-19T15:25Z
3,cpe:2.3:a:canonical:subiquity:20.03.1:*:*:*:*:*:*:*,Canonical Subiquity 20.03.1,['CVE-2020-11932'],2022-03-19T15:25Z
4,cpe:2.3:a:canonical:subiquity:20.03.2:*:*:*:*:*:*:*,Canonical Subiquity 20.03.2,['CVE-2020-11932'],2022-03-19T15:25Z
5,cpe:2.3:a:canonical:subiquity:20.03.3:*:*:*:*:*:*:*,Canonical Subiquity 20.03.3,['CVE-2020-11932'],2022-03-19T15:25Z
6,cpe:2.3:a:canonical:subiquity:20.04.1:*:*:*:*:*:*:*,Canonical Subiquity 20.04.1,['CVE-2020-11932'],2022-03-19T15:25Z
7,cpe:2.3:a:canonical:subiquity:20.04.2:*:*:*:*:*:*:*,Canonical Subiquity 20.04.2,['CVE-2020-11932'],2022-03-19T15:25Z
8,cpe:2.3:a:canonical:subiquity:20.04.3:*:*:*:*:*:*:*,Canonical Subiquity 20.04.3,['CVE-2020-11932'],2022-03-19T15:25Z
9,cpe:2.3:a:canonical:subiquity:20.05.1:*:*:*:*:*:*:*,Canonical Subiquity 20.05.1,['CVE-2020-11932'],2022-03-19T15:25Z
