,cpe23Uri,titles,vulnerabilities,feedTimestamp
0,cpe:2.3:a:caseproof:thirstyaffiliates_affiliate_link_manager:3.3.5:*:*:*:*:wordpress:*:*,Caseproof ThirstyAffiliates Affiliate Link Manager 3.3.5 for WordPress,['CVE-2021-24127'],2022-03-19T15:40Z
1,cpe:2.3:a:caseproof:thirstyaffiliates_affiliate_link_manager:3.3.6:*:*:*:*:wordpress:*:*,Caseproof ThirstyAffiliates Affiliate Link Manager 3.3.6 for WordPress,['CVE-2021-24127'],2022-03-19T15:40Z
2,cpe:2.3:a:caseproof:thirstyaffiliates_affiliate_link_manager:3.3.7:*:*:*:*:wordpress:*:*,Caseproof ThirstyAffiliates Affiliate Link Manager 3.3.7 for WordPress,['CVE-2021-24127'],2022-03-19T15:40Z
3,cpe:2.3:a:caseproof:thirstyaffiliates_affiliate_link_manager:3.4.0:*:*:*:*:wordpress:*:*,Caseproof ThirstyAffiliates Affiliate Link Manager 3.4.0 for WordPress,['CVE-2021-24127'],2022-03-19T15:40Z
4,cpe:2.3:a:caseproof:thirstyaffiliates_affiliate_link_manager:3.5:*:*:*:*:wordpress:*:*,Caseproof ThirstyAffiliates Affiliate Link Manager 3.5 for WordPress,['CVE-2021-24127'],2022-03-19T15:40Z
5,cpe:2.3:a:caseproof:thirstyaffiliates_affiliate_link_manager:3.6:*:*:*:*:wordpress:*:*,Caseproof ThirstyAffiliates Affiliate Link Manager 3.6 for WordPress,['CVE-2021-24127'],2022-03-19T15:40Z
6,cpe:2.3:a:caseproof:thirstyaffiliates_affiliate_link_manager:3.7:*:*:*:*:wordpress:*:*,Caseproof ThirstyAffiliates Affiliate Link Manager 3.7 for WordPress,['CVE-2021-24127'],2022-03-19T15:40Z
7,cpe:2.3:a:caseproof:thirstyaffiliates_affiliate_link_manager:3.8:*:*:*:*:wordpress:*:*,Caseproof ThirstyAffiliates Affiliate Link Manager 3.8 for WordPress,['CVE-2021-24127'],2022-03-19T15:40Z
8,cpe:2.3:a:caseproof:thirstyaffiliates_affiliate_link_manager:3.9:*:*:*:*:wordpress:*:*,Caseproof ThirstyAffiliates Affiliate Link Manager 3.9 for WordPress,['CVE-2021-24127'],2022-03-19T15:40Z
9,cpe:2.3:a:caseproof:thirstyaffiliates_affiliate_link_manager:3.9.1:*:*:*:*:wordpress:*:*,Caseproof ThirstyAffiliates Affiliate Link Manager 3.9.1 for WordPress,['CVE-2021-24127'],2022-03-19T15:40Z
