,cpe23Uri,titles,vulnerabilities,feedTimestamp
0,cpe:2.3:a:cartflows:funnel_builder:1.6.2:*:*:*:*:wordpress:*:*,CartFlows Funnel Builder 1.6.2 for WordPress,['CVE-2021-24330'],2022-03-19T15:38Z
1,cpe:2.3:a:cartflows:funnel_builder:1.6.3:*:*:*:*:wordpress:*:*,CartFlows Funnel Builder 1.6.3 for WordPress,['CVE-2021-24330'],2022-03-19T15:38Z
2,cpe:2.3:a:cartflows:funnel_builder:1.6.4:*:*:*:*:wordpress:*:*,CartFlows Funnel Builder 1.6.4 for WordPress,['CVE-2021-24330'],2022-03-19T15:38Z
3,cpe:2.3:a:cartflows:funnel_builder:1.6.5:*:*:*:*:wordpress:*:*,CartFlows Funnel Builder 1.6.5 for WordPress,['CVE-2021-24330'],2022-03-19T15:38Z
4,cpe:2.3:a:cartflows:funnel_builder:1.6.6:*:*:*:*:wordpress:*:*,CartFlows Funnel Builder 1.6.6 for WordPress,['CVE-2021-24330'],2022-03-19T15:38Z
5,cpe:2.3:a:cartflows:funnel_builder:1.6.7:*:*:*:*:wordpress:*:*,CartFlows Funnel Builder 1.6.7 for WordPress,['CVE-2021-24330'],2022-03-19T15:38Z
6,cpe:2.3:a:cartflows:funnel_builder:1.6.8:*:*:*:*:wordpress:*:*,CartFlows Funnel Builder 1.6.8 for WordPress,['CVE-2021-24330'],2022-03-19T15:38Z
7,cpe:2.3:a:cartflows:funnel_builder:1.6.9:*:*:*:*:wordpress:*:*,CartFlows Funnel Builder 1.6.9 for WordPress,['CVE-2021-24330'],2022-03-19T15:38Z
8,cpe:2.3:a:cartflows:funnel_builder:1.6.10:*:*:*:*:wordpress:*:*,CartFlows Funnel Builder 1.6.10 for WordPress,['CVE-2021-24330'],2022-03-19T15:38Z
9,cpe:2.3:a:cartflows:funnel_builder:1.6.11:*:*:*:*:wordpress:*:*,CartFlows Funnel Builder 1.6.11 for WordPress,['CVE-2021-24330'],2022-03-19T15:38Z
