,cpe23Uri,titles,vulnerabilities,feedTimestamp
0,cpe:2.3:a:cartpauj:mingle-forum:1.0.06:*:*:*:*:*:*:*,cartpauj Mingle Forum (mingle-forum) plugin for Wordpress 1.0.06,"['CVE-2012-5327', 'CVE-2012-5328', 'CVE-2013-0734', 'CVE-2013-0735', 'CVE-2013-0736']",2022-03-19T15:38Z
1,cpe:2.3:a:cartpauj:mingle-forum:1.0.07:*:*:*:*:*:*:*,cartpauj Mingle Forum (mingle-forum) plugin for Wordpress 1.0.07,"['CVE-2012-5327', 'CVE-2012-5328', 'CVE-2013-0734', 'CVE-2013-0735', 'CVE-2013-0736']",2022-03-19T15:38Z
2,cpe:2.3:a:cartpauj:mingle-forum:1.0.08:*:*:*:*:*:*:*,cartpauj Mingle Forum (mingle-forum) plugin for Wordpress 1.0.08,"['CVE-2012-5327', 'CVE-2012-5328', 'CVE-2013-0734', 'CVE-2013-0735', 'CVE-2013-0736']",2022-03-19T15:38Z
3,cpe:2.3:a:cartpauj:mingle-forum:1.0.09:*:*:*:*:*:*:*,cartpauj Mingle Forum (mingle-forum) plugin for Wordpress 1.0.09,"['CVE-2012-5327', 'CVE-2012-5328', 'CVE-2013-0734', 'CVE-2013-0735', 'CVE-2013-0736']",2022-03-19T15:38Z
4,cpe:2.3:a:cartpauj:mingle-forum:1.0.10:*:*:*:*:*:*:*,cartpauj Mingle Forum (mingle-forum) plugin for Wordpress 1.0.10,"['CVE-2012-5327', 'CVE-2012-5328', 'CVE-2013-0734', 'CVE-2013-0735', 'CVE-2013-0736']",2022-03-19T15:38Z
5,cpe:2.3:a:cartpauj:mingle-forum:1.0.11:*:*:*:*:*:*:*,cartpauj Mingle Forum (mingle-forum) plugin for Wordpress 1.0.11,"['CVE-2012-5327', 'CVE-2012-5328', 'CVE-2013-0734', 'CVE-2013-0735', 'CVE-2013-0736']",2022-03-19T15:38Z
6,cpe:2.3:a:cartpauj:mingle-forum:1.0.12:*:*:*:*:*:*:*,cartpauj Mingle Forum (mingle-forum) plugin for Wordpress 1.0.12,"['CVE-2012-5327', 'CVE-2012-5328', 'CVE-2013-0734', 'CVE-2013-0735', 'CVE-2013-0736']",2022-03-19T15:38Z
7,cpe:2.3:a:cartpauj:mingle-forum:1.0.13:*:*:*:*:*:*:*,cartpauj Mingle Forum (mingle-forum) plugin for Wordpress 1.0.13,"['CVE-2012-5327', 'CVE-2012-5328', 'CVE-2013-0734', 'CVE-2013-0735', 'CVE-2013-0736']",2022-03-19T15:38Z
8,cpe:2.3:a:cartpauj:mingle-forum:1.0.14:*:*:*:*:*:*:*,cartpauj Mingle Forum (mingle-forum) plugin for Wordpress 1.0.14,"['CVE-2012-5327', 'CVE-2012-5328', 'CVE-2013-0734', 'CVE-2013-0735', 'CVE-2013-0736']",2022-03-19T15:38Z
9,cpe:2.3:a:cartpauj:mingle-forum:1.0.15:*:*:*:*:*:*:*,cartpauj Mingle Forum (mingle-forum) plugin for Wordpress 1.0.15,"['CVE-2012-5327', 'CVE-2012-5328', 'CVE-2013-0734', 'CVE-2013-0735', 'CVE-2013-0736']",2022-03-19T15:38Z
