,level,page_num,block_num,par_num,line_num,word_num,left,top,width,height,conf,text
0,5,1,1,1,1,1,3370,529,554,121,96.313440,Excess
1,5,1,1,1,1,2,3992,528,429,122,95.971843,Flood
2,5,1,1,1,1,3,4489,529,769,121,95.408334,Insurance
3,5,1,1,1,1,4,5324,529,474,154,96.717744,Policy
4,5,1,1,1,1,5,5850,528,890,153,92.807844,Application
5,5,1,1,1,1,6,6798,596,92,18,89.710774,—
6,5,1,1,1,1,7,6952,529,536,121,96.631069,Florida
7,5,1,2,1,1,1,1010,925,396,128,96.022555,Policy
8,5,1,2,1,1,2,1456,925,328,101,95.796365,Form
9,5,1,2,1,1,3,1952,924,409,102,83.679368,Check
10,5,1,2,1,1,4,2406,925,278,128,96.562888,only
11,5,1,2,1,1,5,2732,950,236,76,94.358335,one
12,5,1,2,1,1,6,3016,924,130,102,94.358335,of
13,5,1,2,1,1,7,3182,925,202,101,95.684374,the
14,5,1,2,1,1,8,3428,924,600,129,95.684374,following
15,5,1,2,1,1,9,4510,927,396,128,96.349457,Policy
16,5,1,2,1,1,10,4949,927,315,128,96.349457,Type
17,5,1,2,1,2,1,1011,1085,382,101,94.309898,House
18,5,1,2,1,2,2,1446,1083,542,130,94.309898,(includes
19,5,1,2,1,2,3,2035,1110,65,76,96.681772,a
20,5,1,2,1,2,4,2152,1085,557,101,96.653096,detached
21,5,1,2,1,2,5,2760,1083,469,130,93.143322,garage)
22,5,1,2,1,2,6,3354,1085,88,99,92.436920,X
23,5,1,2,1,2,7,4510,1079,264,101,93.182977,New
24,5,1,2,1,2,8,4816,1079,88,99,92.564886,X
25,5,1,2,1,2,9,5071,1079,814,101,93.072468,Endorsement
26,5,1,2,1,2,10,5934,1114,64,64,91.275999,o
27,5,1,3,1,1,1,1007,1244,837,102,91.381494,Condominium
28,5,1,3,1,1,2,1942,1280,64,64,89.052684,o
29,5,1,3,1,1,3,4510,1239,640,128,96.203604,Underlying
30,5,1,3,1,1,4,5211,1239,326,101,96.247425,Flood
31,5,1,3,1,1,5,5596,1239,357,128,93.300674,Policy
32,5,1,3,1,1,6,5995,1237,103,103,91.211961,#:
33,5,1,3,1,2,1,1007,1404,732,128,92.803017,Cooperative
34,5,1,3,1,2,2,1834,1440,64,64,92.322536,o
35,5,1,3,1,3,1,1006,1564,340,102,95.301331,Other
36,5,1,3,1,3,2,1393,1568,652,124,95.301331,permanent
37,5,1,3,1,3,3,2089,1568,530,98,92.898524,structure
38,5,1,3,1,3,4,2714,1600,64,64,89.128441,o
39,5,1,4,1,1,1,914,872,6672,846,95.000000, 
40,5,1,5,1,1,1,4506,1771,488,103,88.347733,SIG/VIP
41,5,1,5,1,1,2,5048,1808,64,64,82.575310,o
42,5,1,6,1,1,1,1010,2133,649,127,96.832063,Requested
43,5,1,6,1,1,2,1718,2133,357,128,96.468954,Policy
44,5,1,6,1,1,3,2127,2132,514,102,96.263423,Effective
45,5,1,6,1,1,4,2698,2133,306,101,94.940230,Date:
46,5,1,6,1,1,5,3060,2131,374,103,96.822659,2/1/22
47,5,1,6,2,1,1,1002,2293,418,128,95.753883,Writing
48,5,1,6,2,1,2,1475,2292,613,129,95.305365,Company:
49,5,1,6,2,1,3,2189,2293,625,99,95.816771,FEDERAL
50,5,1,6,2,1,4,2869,2292,798,102,94.976394,INSURANCE
51,5,1,6,2,1,5,3719,2292,695,102,95.120037,COMPANY
52,5,1,6,2,2,1,1010,2653,552,101,95.400866,Producer
53,5,1,6,2,2,2,1610,2653,355,101,24.278331,Name
54,5,1,6,2,2,3,2006,2653,1108,127,24.278331,_AssuredPartners
55,5,1,6,2,2,4,3168,2653,616,118,96.603438,"Northeast,"
56,5,1,6,2,2,5,3846,2652,238,102,96.808684,LLC
57,5,1,6,2,3,1,1010,2815,552,101,96.366067,Producer
58,5,1,6,2,3,2,1606,2814,361,102,96.329120,Street
59,5,1,6,2,3,3,2008,2815,504,101,87.372819,Address
60,5,1,6,2,3,4,2712,2815,223,101,87.372819,445
61,5,1,6,2,3,5,2991,2815,527,101,96.358005,Hamilton
62,5,1,6,2,3,6,3566,2815,233,101,96.385711,Ave
63,5,1,6,2,3,7,3859,2808,211,108,78.088794,"10"""
64,5,1,6,2,3,8,4125,2815,98,99,88.003556,FI
65,5,1,7,1,1,1,1010,2973,552,101,93.182136,Producer
66,5,1,7,1,1,2,1607,2971,1122,130,87.580931,City/State/Zipcode
67,5,1,7,1,1,3,2836,3090,59,10,37.922187,_
68,5,1,7,1,1,4,2930,2973,345,127,88.078076,White
69,5,1,7,1,1,5,3330,2973,362,101,95.502520,"Plains,"
70,5,1,7,1,1,6,3786,2973,178,99,94.235057,NY
71,5,1,7,1,1,7,4021,2972,347,102,76.168556,10607
72,5,1,7,1,1,8,4712,2973,554,101,96.118053,Producer
73,5,1,7,1,1,9,5314,2973,385,101,93.264412,Phone
74,5,1,7,1,1,10,5781,2968,503,137,86.367265,Number_
75,5,1,7,1,1,11,6320,2972,850,102,68.295121,914-761-9000
76,5,1,7,1,2,1,1010,3133,552,101,96.405095,Producer
77,5,1,7,1,2,2,1610,3133,484,101,93.336667,Number
78,5,1,7,1,2,3,2130,3132,535,128,31.429977,64/709
79,5,1,7,1,2,4,3734,3132,788,128,87.766991,Subproducer
80,5,1,7,1,2,5,4570,3133,486,101,96.094992,Number
81,5,1,8,1,1,1,1013,3604,541,102,80.482976,Insured’s
82,5,1,8,1,1,2,1610,3605,386,101,95.575283,Name:
83,5,1,8,1,1,3,2289,3605,428,128,92.967984,Harvey
84,5,1,8,1,1,4,2768,3605,87,99,91.683637,R
85,5,1,8,1,1,5,2907,3605,229,101,93.126914,Uris
86,5,1,8,1,1,6,3186,3604,82,102,92.504161,&
87,5,1,8,1,1,7,3322,3605,451,101,95.592856,Mitchell
88,5,1,8,1,1,8,3833,3605,227,101,96.929620,Uris
89,5,1,8,1,2,1,1010,3765,418,128,95.851771,Mailing
90,5,1,8,1,2,2,1476,3765,536,101,87.900225,Address:
91,5,1,8,1,2,3,2060,3765,382,127,8.434029,__
92,5,1,8,1,2,4,2318,3760,127,137,92.537433,56
93,5,1,8,1,2,5,2496,3765,552,101,92.459114,Nantwick
94,5,1,8,1,2,6,3094,3764,123,102,95.208537,St
95,5,1,9,1,1,1,1007,3919,1146,138,90.652130,City/State/Zipcode:
96,5,1,9,1,1,2,2604,3925,246,101,96.923411,Lido
97,5,1,9,1,1,3,2906,3925,374,101,96.044396,"Beach,"
98,5,1,9,1,1,4,3374,3925,184,99,95.931548,NY
99,5,1,9,1,1,5,3611,3924,347,102,96.344186,11561
100,5,1,10,1,1,1,914,2596,6672,1646,95.000000, 
101,5,1,11,1,1,1,1010,4397,509,128,96.381912,Property
102,5,1,11,1,1,2,1562,4397,504,101,96.831030,Address
103,5,1,11,1,1,3,2118,4395,119,130,86.066138,(If
104,5,1,11,1,1,4,2276,4396,495,102,95.915396,different
105,5,1,11,1,1,5,2811,4396,267,102,93.117740,from
106,5,1,11,1,1,6,3141,4396,543,102,90.544212,Insured’s
107,5,1,11,1,1,7,3738,4397,422,128,96.708049,Mailing
108,5,1,11,1,1,8,4211,4397,485,101,96.293689,address
109,5,1,11,1,1,9,4743,4397,366,101,92.988365,above
110,5,1,11,1,1,10,5156,4455,76,10,90.221555,—
111,5,1,11,1,1,11,5274,4397,146,101,96.901421,do
112,5,1,11,1,1,12,5471,4400,184,98,96.176708,not
113,5,1,11,1,1,13,5704,4423,209,75,96.295609,use
114,5,1,11,1,1,14,5968,4396,254,102,96.156960,P.O.
115,5,1,11,1,1,15,6282,4395,271,130,96.406158,Box)
116,5,1,12,1,1,1,1010,4557,509,128,96.848316,Property
117,5,1,12,1,1,2,1570,4557,540,101,81.397343,Location:
118,5,1,12,1,1,3,2399,4556,299,102,93.290989,6836
119,5,1,12,1,1,4,2748,4556,687,129,89.319160,Queenferry
120,5,1,12,1,1,5,3483,4556,171,102,96.936418,Cir
121,5,1,12,1,2,1,1007,4711,1149,139,90.816176,City/State/Zipcode:
122,5,1,12,1,2,2,2528,4717,300,101,95.387538,Boca
123,5,1,12,1,2,3,2885,4717,351,101,96.207867,"Raton,"
124,5,1,12,1,2,4,3331,4717,147,99,94.085205,FL
125,5,1,12,1,2,5,3528,4716,372,102,93.653888,33496
126,5,1,13,1,1,1,1007,4908,891,129,95.704139,Corresponding
127,5,1,13,1,1,2,1953,4908,396,102,96.681858,Chubb
128,5,1,13,1,1,3,2405,4909,803,101,96.026713,Homeowners
129,5,1,13,1,1,4,3261,4909,344,128,95.952616,policy
130,5,1,13,1,1,5,3653,4909,463,101,64.422004,number
131,5,1,13,1,1,6,4152,5026,158,10,62.282038,—
132,5,1,13,1,1,7,4366,4904,912,132,27.127447,15238933801
133,5,1,13,1,2,1,1011,5108,514,102,96.070963,Effective
134,5,1,13,1,2,2,1572,5107,374,103,96.382305,2/1/22
135,5,1,13,1,2,3,1994,5112,108,98,96.671892,to
136,5,1,13,1,2,4,2152,5107,374,103,96.710407,2/1/23
137,5,1,14,1,1,1,2206,4802,2704,42,95.000000, 
138,5,1,15,1,1,1,1013,5428,68,100,77.346830,lf
139,5,1,15,1,1,2,1125,5429,382,101,95.747070,House
140,5,1,15,1,1,3,1558,5455,559,102,96.315852,coverage
141,5,1,15,1,1,4,2173,5429,85,101,81.370151,Is
142,5,1,15,1,1,5,2311,5429,321,128,95.964836,being
143,5,1,15,1,1,6,2689,5429,633,127,96.125736,"requested,"
144,5,1,15,1,1,7,3375,5429,290,101,96.781868,what
145,5,1,15,1,1,8,3715,5429,87,101,95.873119,is
146,5,1,15,1,1,9,3846,5429,185,101,95.873119,the
147,5,1,15,1,1,10,4085,5429,364,101,96.184662,house
148,5,1,15,1,1,11,4497,5432,456,98,96.286067,amount
149,5,1,15,1,1,12,4998,5428,115,102,96.791660,of
150,5,1,15,1,1,13,5151,5454,560,103,96.791660,coverage
151,5,1,15,1,1,14,5762,5455,140,75,96.283354,on
152,5,1,15,1,1,15,5952,5429,185,101,96.187593,the
153,5,1,15,1,1,16,6189,5428,396,102,95.765727,Chubb
154,5,1,15,1,1,17,6639,5429,803,101,95.598031,Homeowners
155,5,1,15,1,2,1,1010,5588,428,129,96.156175,Policy?
156,5,1,15,1,2,2,1489,5580,715,127,96.406558,"$6,900,000."
157,5,1,16,1,1,1,1013,5906,68,100,70.058753,If
158,5,1,16,1,1,2,1121,5906,541,102,96.507020,Contents
159,5,1,16,1,1,3,1711,5932,560,103,95.737962,coverage
160,5,1,16,1,1,4,2327,5907,85,101,95.679715,is
161,5,1,16,1,1,5,2465,5907,323,128,96.603208,being
162,5,1,16,1,1,6,2843,5907,635,127,95.757543,"requested,"
163,5,1,16,1,1,7,3529,5907,290,101,96.370984,what
164,5,1,16,1,1,8,3871,5907,85,101,96.272430,is
165,5,1,16,1,1,9,4002,5907,183,101,96.456071,the
166,5,1,16,1,1,10,4233,5910,517,98,95.584621,contents
167,5,1,16,1,1,11,4799,5910,458,98,96.465198,amount
168,5,1,16,1,1,12,5298,5906,117,102,96.465198,of
169,5,1,16,1,1,13,5453,5933,562,102,95.686981,coverage
170,5,1,16,1,1,14,6064,5932,140,76,96.749704,on
171,5,1,16,1,1,15,6254,5907,185,101,96.432067,the
172,5,1,16,1,1,16,6491,5906,396,102,96.680986,Chubb
173,5,1,16,1,2,1,1011,6067,799,101,95.883458,Homeowners
174,5,1,16,1,2,2,1864,6066,430,129,96.050726,Policy?
175,5,1,16,1,2,3,2345,6058,715,127,96.529945,"$2,070,000."
176,5,1,17,1,1,1,1013,6386,68,100,86.550832,lf
177,5,1,17,1,1,2,1120,6386,342,102,96.405320,Other
178,5,1,17,1,1,3,1507,6390,652,124,96.012444,permanent
179,5,1,17,1,1,4,2205,6390,599,98,96.513134,structures
180,5,1,17,1,1,5,2853,6412,560,103,95.985976,coverage
181,5,1,17,1,1,6,3467,6387,85,101,96.271530,is
182,5,1,17,1,1,7,3605,6387,633,127,96.441478,"requested,"
183,5,1,17,1,1,8,4291,6387,290,101,96.552567,what
184,5,1,17,1,1,9,4631,6387,85,101,96.810107,is
185,5,1,17,1,1,10,4762,6387,183,101,96.613260,the
186,5,1,17,1,1,11,4996,6387,312,101,96.260666,other
187,5,1,17,1,1,12,5355,6390,654,124,96.684011,permanent
188,5,1,17,1,1,13,6053,6390,599,98,96.571063,structures
189,5,1,17,1,1,14,6698,6387,251,101,96.155366,total
190,5,1,17,1,1,15,6998,6386,402,102,88.353555,value?
191,5,1,17,1,2,1,1005,6538,713,127,96.284347,"$1,380,000."
192,5,1,18,1,1,1,1011,7019,324,101,96.000735,Flood
193,5,1,18,1,1,2,1386,7019,340,101,33.251400,Zone:
194,5,1,18,1,1,3,1774,7019,248,127,2.897749,_X
195,5,1,18,1,1,4,2508,7019,366,101,93.155254,Month
196,5,1,18,1,1,5,2928,7018,82,102,93.155254,&
197,5,1,18,1,1,6,3054,7019,292,101,93.160328,Year
198,5,1,18,1,1,7,3394,7017,975,103,91.685208,Built/Substantial
199,5,1,18,1,1,8,4429,7019,796,127,95.264620,Improvement
200,5,1,18,1,1,9,5276,7019,308,101,96.005767,Date:
201,5,1,18,1,1,10,5689,7017,385,103,86.274912,1/2011
202,5,1,19,1,1,1,1007,7177,889,130,91.770944,County/Parish:
203,5,1,19,1,1,2,1956,7179,298,101,95.665552,Palm
204,5,1,19,1,1,3,2310,7179,376,101,95.665552,Beach
205,5,1,19,1,1,4,2741,7178,430,129,96.104918,County
206,5,1,19,1,1,5,3505,7177,503,103,81.032038,Comm#:
207,5,1,19,1,1,6,4073,7178,441,102,96.404330,120192
208,5,1,19,1,2,1,1010,7339,474,128,96.610807,Building
209,5,1,19,1,2,2,1536,7337,714,130,96.045689,Occupancy:
210,5,1,19,1,2,3,2306,7338,375,129,96.088335,Single
211,5,1,19,1,2,4,2727,7338,360,129,93.299275,family
212,5,1,19,1,2,5,3132,7339,88,99,93.078880,X
213,5,1,19,1,2,6,4002,7339,188,99,96.489080,2-4
214,5,1,19,1,2,7,4235,7338,362,129,93.257649,family
215,5,1,19,1,2,8,4646,7374,64,64,91.374304,o
216,5,1,20,1,1,1,1010,7808,746,129,55.138178,Mortgagee’s
217,5,1,20,1,1,2,1809,7834,363,76,96.916284,name:
218,5,1,20,1,1,3,5090,7809,292,101,96.210568,Loan
219,5,1,20,1,1,4,5437,7809,487,101,96.384502,number:
220,5,1,20,1,2,1,1000,7969,534,101,96.723328,Address:
221,5,1,20,1,3,1,1007,8129,1149,130,90.353652,City/State/Zipcode:
222,5,1,21,1,1,1,1006,8448,340,102,96.332417,Other
223,5,1,21,1,1,2,1389,8449,578,101,96.278884,additional
224,5,1,21,1,1,3,2025,8449,471,101,96.546239,interest:
225,5,1,21,1,1,4,5259,8448,626,102,96.277803,Reference
226,5,1,21,1,1,5,5937,8449,487,101,96.185790,number:
227,5,1,21,1,2,1,1000,8609,534,101,96.068854,Address:
228,5,1,21,1,3,1,1007,8767,1149,130,89.950950,City/State/Zipcode:
229,5,1,22,1,1,1,914,6960,6672,2126,95.000000, 
230,5,1,23,1,1,1,1000,10410,102,101,95.517939,©
231,5,1,23,1,1,2,1147,10410,584,129,96.042770,Copyright
232,5,1,23,1,1,3,1776,10410,300,102,96.322397,2005
233,5,1,23,1,1,4,2127,10411,134,128,96.410483,by
234,5,1,23,1,1,5,2311,10410,396,102,93.072096,Chubb
235,5,1,23,1,1,6,2756,10410,82,102,93.072096,&
236,5,1,23,1,1,7,2888,10410,232,102,96.544784,Son
237,5,1,23,1,1,8,3178,10411,200,101,96.543911,Inc.
238,5,1,23,1,1,9,3439,10411,305,101,96.043471,Form
239,5,1,23,1,1,10,3800,10411,194,101,96.687855,No.
240,5,1,23,1,1,11,4052,10410,698,102,96.742206,02-03-0023
241,5,1,23,1,1,12,4805,10411,147,99,94.195558,FL
242,5,1,23,1,1,13,5002,10409,310,130,94.195558,(Rev.
243,5,1,23,1,1,14,5379,10409,528,130,96.422500,11/2013)
244,5,1,23,1,1,15,6004,10411,307,128,96.056994,Page
245,5,1,23,1,1,16,6371,10410,37,100,95.940499,1
246,5,1,23,1,1,17,6476,10410,115,102,95.936774,of
247,5,1,23,1,1,18,6628,10411,68,99,96.988481,4
248,5,1,1,1,1,1,384,1041,358,101,94.531665,Flood
249,5,1,1,1,1,2,796,1039,622,103,96.454258,Coverage
250,5,1,1,1,1,3,1465,1041,233,101,95.870900,and
251,5,1,1,1,1,4,1756,1041,617,101,95.795446,Premium:
252,5,1,1,1,1,5,5508,1041,395,101,96.061690,Below
253,5,1,1,1,1,6,5944,1039,314,103,96.644824,filled
254,5,1,1,1,1,7,6314,1041,104,99,96.627853,in
255,5,1,1,1,1,8,6520,1035,138,137,95.738951,by
256,5,1,1,1,1,9,6674,1066,516,102,95.738951,compan
257,5,1,2,1,1,1,4810,1172,525,228,95.000000,   
258,5,1,2,1,2,1,4930,1400,17,146,95.000000,  
259,5,1,2,1,3,1,4930,1546,17,131,95.000000, 
260,5,1,3,1,1,1,5655,1172,409,228,95.000000,   
261,5,1,3,1,2,1,6055,1400,9,146,95.000000,  
262,5,1,3,1,3,1,6055,1546,9,131,95.000000, 
263,5,1,4,1,1,1,3934,1172,249,228,95.000000,  
264,5,1,4,1,2,1,2313,1400,1759,146,95.000000,  
265,5,1,4,1,3,1,2313,1546,1759,131,95.000000,  
266,5,1,5,1,1,1,2313,1172,1064,345,95.000000,  
267,5,1,6,1,1,1,2625,1201,251,139,96.786841,Self
268,5,1,6,1,1,2,3314,1205,620,130,95.718582,Coverage
269,5,1,6,1,1,3,4016,1200,71,139,95.718582,|
270,5,1,6,1,1,4,4183,1207,627,101,96.043257,Increased
271,5,1,6,1,1,5,5335,1201,320,139,96.143709,Total
272,5,1,6,1,1,6,6327,1207,318,101,95.456480,Total
273,5,1,6,1,1,7,6703,1207,567,127,96.356831,premium
274,5,1,6,1,2,1,2508,1367,480,101,95.924953,insured
275,5,1,6,1,2,2,3377,1363,495,136,96.292844,amount
276,5,1,6,1,2,3,4200,1392,597,103,96.182151,coverage
277,5,1,6,1,2,4,5200,1392,598,103,96.117333,coverage
278,5,1,6,1,3,1,2489,1527,518,101,96.426252,retained
279,5,1,6,1,3,2,4253,1524,493,136,96.550792,amount
280,5,1,6,1,3,3,5253,1530,493,98,96.646950,amount
281,5,1,7,1,1,1,2310,1664,7,986,95.000000,   
282,5,1,8,1,1,1,2576,1687,344,101,95.197340,limits
283,5,1,8,1,2,1,270,1853,550,128,96.572194,Dwelling
284,5,1,8,1,2,2,873,1878,136,76,96.106676,or
285,5,1,8,1,2,3,1049,1853,346,101,96.106676,other
286,5,1,8,1,2,4,1439,1856,701,124,96.567247,permanent
287,5,1,8,1,3,1,264,2016,592,98,96.718045,structure
288,5,1,8,2,1,1,266,2138,583,176,96.043310,Contents
289,5,1,8,2,1,2,2317,2150,1072,160,0.000000,"$100,000"
290,5,1,8,2,1,3,3094,2146,119,177,33.880768,|
291,5,1,8,2,1,4,3426,2150,634,160,0.000000,Saeygeneleye)
292,5,1,8,2,2,1,260,2347,634,101,96.770508,Additions
293,5,1,8,2,2,2,943,2347,233,101,96.842581,and
294,5,1,8,2,2,3,1228,2347,690,101,96.494926,alterations
295,5,1,8,2,2,4,2317,2316,1743,160,0.000000,"$250,000"
296,5,1,8,2,2,5,3148,2312,129,170,75.528769,|
297,5,1,8,2,2,6,3885,2312,171,170,31.183195,|
298,5,1,8,2,3,1,266,2511,590,103,96.270168,Contents
299,5,1,8,2,3,2,910,2513,104,99,95.367610,in
300,5,1,8,2,3,3,1066,2538,68,76,95.367610,a
301,5,1,8,2,3,4,1185,2513,637,101,96.211683,basement
302,5,1,8,2,4,1,270,2681,273,101,95.938438,Real
303,5,1,8,2,4,2,599,2684,475,124,93.677182,property
304,5,1,8,2,4,3,1204,2681,222,101,41.448169,ina
305,5,1,8,2,4,4,1479,2681,637,101,41.448169,basement
306,5,1,8,2,4,5,2261,2646,90,180,8.446541,|
307,5,1,8,2,4,6,2317,2650,1743,172,8.446541,"$250,000"
308,5,1,8,2,4,7,3146,2646,135,180,66.056309,|
309,5,1,8,2,4,8,3731,2646,330,180,52.094688,—__
310,5,1,8,2,5,1,260,2847,669,101,96.515242,Additional
311,5,1,8,2,5,2,986,2847,324,99,96.335283,living
312,5,1,8,2,5,3,1382,2872,622,102,96.213974,expenses
313,5,1,8,2,5,4,3192,2816,1744,160,30.308819,"$7,500"
314,5,1,8,2,5,5,3981,2812,171,170,76.533165,|
315,5,1,8,2,5,6,4661,2812,270,170,30.546193,|
316,5,1,8,2,6,1,270,3013,698,128,96.578667,Rebuilding
317,5,1,8,2,6,2,1018,3016,124,98,96.412539,to
318,5,1,8,2,6,3,1190,3013,314,101,96.811167,code
319,5,1,8,2,6,4,2316,2984,1744,160,0.000000,"/$250,000"
320,5,1,8,2,6,5,3147,2980,143,170,5.030632,|
321,5,1,8,2,6,6,3813,2980,242,170,1.813402,——|
322,5,1,9,1,1,1,4060,2070,932,234,95.000000,  
323,5,1,9,1,2,1,4056,2304,936,266,95.000000,   
324,5,1,9,1,3,1,4060,2570,932,294,95.000000,  
325,5,1,10,1,1,1,3186,2476,6,8,95.000000, 
326,5,1,11,1,1,1,2310,2810,874,94,95.000000,  
327,5,1,11,1,2,1,2310,2904,6,80,95.000000, 
328,5,1,12,1,1,1,5623,3345,540,103,96.085266,Subtotal
329,5,1,13,1,1,1,5127,3511,329,103,96.558998,State
330,5,1,13,1,1,2,5502,3513,664,128,96.558998,surcharge
331,5,1,13,1,2,1,5599,3679,329,103,96.371798,State
332,5,1,13,1,2,2,5972,3684,197,98,96.910916,tax
333,5,1,13,2,1,1,5296,3847,321,101,95.862126,Total
334,5,1,13,2,1,2,5674,3847,488,127,96.322744,Prepaid
335,5,1,13,2,2,1,5648,4005,522,101,96.702696,Amount
336,5,1,14,1,1,1,4062,2984,3684,1152,95.000000, 
337,5,1,15,1,1,1,1010,4415,534,128,96.195045,Payment
338,5,1,15,1,1,2,1588,4413,432,129,93.638260,Option:
339,5,1,15,1,1,3,2509,4415,202,101,95.814095,Full
340,5,1,15,1,1,4,2770,4415,534,101,95.597255,Premium
341,5,1,15,1,1,5,3354,4415,537,101,93.219135,Attached
342,5,1,15,1,1,6,3988,4450,64,64,90.198356,o
343,5,1,15,1,1,7,4506,4415,165,99,70.004172,Bill
344,5,1,15,1,1,8,4730,4415,178,101,70.004172,Me
345,5,1,15,1,1,9,5000,4450,64,64,89.410557,o
346,5,1,15,1,1,10,5506,4415,165,99,93.116187,Bill
347,5,1,15,1,1,11,5730,4415,648,128,92.533081,Mortgagee
348,5,1,15,1,1,12,6468,4450,64,64,90.688241,o
349,5,1,15,1,2,1,2506,4575,167,99,95.963355,Bill
350,5,1,15,1,2,2,2724,4573,344,103,93.172897,Other
351,5,1,15,1,2,3,3154,4610,64,64,90.834351,o
352,5,1,16,1,1,1,914,4362,6672,526,95.000000, 
353,5,1,17,1,1,1,1003,5075,228,101,95.616627,The
354,5,1,17,1,1,2,1281,5075,368,101,95.616627,above
355,5,1,17,1,1,3,1696,5078,670,98,96.583475,statements
356,5,1,17,1,1,4,2415,5100,188,76,95.703840,are
357,5,1,17,1,1,5,2655,5078,418,98,96.106732,correct
358,5,1,17,1,1,6,3114,5078,110,98,96.463826,to
359,5,1,17,1,1,7,3268,5075,183,101,96.264786,the
360,5,1,17,1,1,8,3505,5075,252,101,96.300295,best
361,5,1,17,1,1,9,3802,5073,115,103,95.850032,of
362,5,1,17,1,1,10,3961,5100,172,103,95.850032,my
363,5,1,17,1,1,11,4183,5075,684,128,96.640618,knowledge.
364,5,1,17,1,1,12,4928,5075,14,99,94.335285,|
365,5,1,17,1,1,13,5000,5075,677,101,96.026352,understand
366,5,1,17,1,1,14,5726,5075,230,101,96.324660,that
367,5,1,17,1,1,15,6001,5100,216,103,96.324660,any
368,5,1,17,1,1,16,6259,5073,286,103,96.325026,false
369,5,1,17,1,1,17,6594,5078,668,98,96.697194,statements
370,5,1,17,1,2,1,1009,5260,248,103,96.085601,may
371,5,1,17,1,2,2,1307,5235,140,101,96.452023,be
372,5,1,17,1,2,3,1501,5235,657,127,96.371507,punishable
373,5,1,17,1,2,4,2211,5235,134,128,96.248376,by
374,5,1,17,1,2,5,2387,5233,216,103,96.585191,fine
375,5,1,17,1,2,6,2653,5233,391,103,96.120277,and/or
376,5,1,17,1,2,7,3089,5235,822,127,96.408207,imprisonment
377,5,1,17,1,2,8,3960,5235,348,101,96.489199,under
378,5,1,17,1,2,9,4351,5235,614,127,96.442802,applicable
379,5,1,17,1,2,10,5018,5235,227,101,95.449240,law.
380,5,1,18,1,1,1,1006,6031,581,130,76.506715,signature
381,5,1,18,1,1,2,1634,6031,115,103,96.480421,of
382,5,1,18,1,1,3,1796,6033,443,101,95.454599,Insured
383,5,1,18,1,1,4,4008,6033,272,101,96.840125,Date
384,5,1,18,1,1,5,5510,6033,491,128,96.396829,Daytime
385,5,1,18,1,1,6,6053,6033,372,127,96.440154,phone
386,5,1,18,1,1,7,6479,6033,463,101,96.709022,number
387,5,1,19,1,1,1,1010,6831,552,101,92.400752,Producer
388,5,1,19,1,1,2,1598,6829,38,103,92.400752,/
389,5,1,19,1,1,3,1676,6831,361,128,95.868348,Agent
390,5,1,19,1,1,4,2088,6831,356,101,95.868348,Name
391,5,1,19,1,1,5,4004,6829,587,130,96.744982,City/State
392,5,1,19,1,1,6,5506,6831,461,101,96.775196,License
393,5,1,19,1,1,7,6022,6831,486,101,96.480561,Number
394,5,1,19,1,2,1,1008,6989,178,130,96.377003,(as
395,5,1,19,1,2,2,1234,6991,571,128,96.709098,displayed
396,5,1,19,1,2,3,1860,7016,140,76,96.575979,on
397,5,1,19,1,2,4,2056,6989,463,131,96.660599,license)
398,5,1,20,1,1,1,1000,10239,102,103,96.789731,©
399,5,1,20,1,1,2,1147,10239,584,130,96.135319,Copyright
400,5,1,20,1,1,3,1776,10240,300,102,96.135319,2005
401,5,1,20,1,1,4,2127,10241,134,128,95.781604,by
402,5,1,20,1,1,5,2311,10239,397,103,92.382265,Chubb
403,5,1,20,1,1,6,2756,10239,82,103,92.382265,&
404,5,1,20,1,1,7,2888,10239,232,103,96.089556,Son
405,5,1,20,1,1,8,3178,10241,201,101,95.636775,Inc.
406,5,1,20,1,1,9,3439,10241,305,101,96.254619,Form
407,5,1,20,1,1,10,3800,10241,194,101,96.500134,No.
408,5,1,20,1,1,11,4052,10240,699,102,96.848270,02-03-0023
409,5,1,20,1,1,12,4805,10241,147,99,96.024004,FL
410,5,1,20,1,1,13,5002,10239,310,131,95.886123,(Rev.
411,5,1,20,1,1,14,5378,10239,529,131,96.467369,11/2013)
412,5,1,20,1,1,15,6004,10241,307,128,96.123794,Page
413,5,1,20,1,1,16,6360,10240,66,100,96.424065,2
414,5,1,20,1,1,17,6476,10239,115,103,95.440628,of
415,5,1,20,1,1,18,6628,10241,68,99,95.440628,4
416,5,1,1,1,1,1,1010,881,534,128,96.287279,Building
417,5,1,1,1,1,2,1601,880,744,102,96.582174,Information
418,5,1,1,1,1,3,2399,880,180,129,96.522176,(or
419,5,1,1,1,1,4,2623,881,394,101,96.236058,attach
420,5,1,1,1,1,5,3075,881,513,127,96.236058,printout
421,5,1,1,1,1,6,3630,880,298,102,95.952581,from
422,5,1,1,1,1,7,3983,881,369,128,96.377434,rating
423,5,1,1,1,1,8,4406,880,351,129,96.527115,disk):
424,5,1,1,1,2,1,1330,1200,406,102,96.677575,NOTE:
425,5,1,1,1,2,2,1791,1201,463,99,96.287954,THERE
426,5,1,1,1,2,3,2305,1200,117,102,96.343197,IS
427,5,1,1,1,2,4,2476,1201,539,99,95.712808,LIMITED
428,5,1,1,1,2,5,3068,1200,780,102,96.156692,COVERAGE
429,5,1,1,1,2,6,3902,1200,506,102,96.585428,BELOW
430,5,1,1,1,2,7,4451,1201,269,99,95.826336,THE
431,5,1,1,1,2,8,4774,1200,580,102,96.417665,LOWEST
432,5,1,1,1,2,9,5406,1201,723,99,95.754022,ELEVATED
433,5,1,1,1,2,10,6184,1200,476,102,93.230840,FLOOR
434,5,1,1,1,2,11,6700,1199,544,103,89.822077,AND/OR
435,5,1,1,1,2,12,7293,1201,118,99,96.068774,IN
436,5,1,2,1,1,1,3896,1361,98,99,95.989702,A
437,5,1,2,1,1,2,4044,1360,797,102,95.989702,BASEMENT.
438,5,1,2,1,2,1,3280,1520,538,102,96.261355,PLEASE
439,5,1,2,1,2,2,3874,1521,458,99,95.568747,REFER
440,5,1,2,1,2,3,4375,1520,183,102,94.206895,TO
441,5,1,2,1,2,4,4605,1521,271,99,94.206895,THE
442,5,1,2,1,2,5,4932,1520,533,102,96.215419,POLICY.
443,5,1,3,1,1,1,1015,2158,87,100,95.394231,1.
444,5,1,3,1,1,2,1200,2159,525,101,96.390754,Distance
445,5,1,3,1,1,3,1769,2158,267,102,96.390754,from
446,5,1,3,1,1,4,2093,2162,454,98,92.998073,nearest
447,5,1,3,1,1,5,2592,2157,1264,130,88.763224,ocean/gulf/river/lake:
448,5,1,3,1,1,6,3904,2160,343,126,27.746391,5.5
449,5,1,3,1,1,7,4301,2159,309,101,21.598091,miles
450,5,1,3,1,1,8,4734,2159,374,100,81.585683,Within
451,5,1,3,1,1,9,5171,2158,323,119,96.857458,"1,000"
452,5,1,3,1,1,10,5543,2158,226,102,95.992377,feet
453,5,1,3,1,1,11,5816,2158,115,102,95.818647,of
454,5,1,3,1,1,12,5971,2184,65,76,96.336344,a
455,5,1,3,1,1,13,6089,2159,339,128,96.715459,major
456,5,1,3,1,1,14,6475,2159,290,128,95.495671,body
457,5,1,3,1,1,15,6808,2158,117,102,96.040049,of
458,5,1,3,1,1,16,6961,2158,409,102,84.619452,water’?
459,5,1,3,1,2,1,1190,2319,230,101,92.313067,Yes
460,5,1,3,1,2,2,1512,2354,64,64,90.627940,o
461,5,1,3,1,2,3,2008,2319,162,101,91.457102,No
462,5,1,3,1,2,4,2216,2319,88,99,92.151603,X
463,5,1,4,1,1,1,1004,2639,98,99,96.913605,2.
464,5,1,4,1,1,2,1203,2639,91,101,73.190918,Is
465,5,1,4,1,1,3,1340,2639,490,128,96.162654,dwelling
466,5,1,4,1,1,4,1881,2639,758,128,95.974088,substantially
467,5,1,4,1,1,5,2691,2638,629,128,89.223090,improved?
468,5,1,4,1,1,6,3538,2639,366,101,80.402734,YesX
469,5,1,4,1,1,7,4084,2639,316,101,66.485620,Noa
470,5,1,5,1,1,1,1006,2956,96,102,96.279717,3.
471,5,1,5,1,1,2,1203,2957,89,101,89.269596,Is
472,5,1,5,1,1,3,1340,2957,490,128,95.573846,dwelling
473,5,1,5,1,1,4,1887,2957,89,99,96.755833,in
474,5,1,5,1,1,5,2029,2982,406,76,96.531897,course
475,5,1,5,1,1,6,2484,2956,115,102,96.228214,of
476,5,1,5,1,1,7,2639,2956,813,102,96.216053,construction?
477,5,1,5,1,1,8,3498,2957,232,101,94.997288,Yes
478,5,1,5,1,1,9,3822,2992,64,64,63.575485,ao
479,5,1,5,1,1,10,4082,2957,162,101,90.882069,No
480,5,1,5,1,1,11,4330,2957,88,99,91.562993,X
481,5,1,5,1,1,12,4509,2957,89,101,96.035572,Is
482,5,1,5,1,1,13,4647,2957,489,128,96.432442,dwelling
483,5,1,5,1,1,14,5184,2957,185,101,93.186094,the
484,5,1,5,1,1,15,5425,2956,539,102,67.507508,insured’s
485,5,1,5,1,1,16,6017,2957,498,127,96.076496,principal
486,5,1,5,1,1,17,6571,2956,665,102,95.187764,residence?
487,5,1,5,1,2,1,1190,3117,230,101,92.608860,Yes
488,5,1,5,1,2,2,1512,3152,64,64,89.991772,o
489,5,1,5,1,2,3,2086,3117,162,101,93.235655,No
490,5,1,5,1,2,4,2332,3117,88,99,92.258969,X
491,5,1,6,1,1,1,1002,3437,100,99,96.661318,4.
492,5,1,6,1,1,2,1203,3437,89,101,34.266667,Is
493,5,1,6,1,1,3,1345,3437,461,128,96.100538,building
494,5,1,6,1,1,4,1859,3437,508,101,96.188993,elevated
495,5,1,6,1,1,5,2424,3435,542,130,96.315200,(includes
496,5,1,6,1,1,6,3015,3437,489,128,96.367500,dwelling
497,5,1,6,1,1,7,3556,3437,311,101,95.944161,crawl
498,5,1,6,1,1,8,3918,3435,554,130,96.460653,spaces)?
499,5,1,6,1,1,9,4518,3437,230,101,95.981177,Yes
500,5,1,6,1,1,10,4844,3472,64,64,65.467870,ao
501,5,1,6,1,1,11,5082,3437,164,101,93.280463,No
502,5,1,6,1,1,12,5330,3437,88,99,92.123710,X
503,5,1,7,1,1,1,1006,3756,96,100,0.000000,o.
504,5,1,7,1,1,2,1203,3755,89,101,91.314131,Is
505,5,1,7,1,1,3,1338,3755,187,101,96.703220,the
506,5,1,7,1,1,4,1573,3781,265,75,95.830502,area
507,5,1,7,1,1,5,1893,3755,351,101,95.789182,below
508,5,1,7,1,1,6,2288,3755,185,101,96.790510,the
509,5,1,7,1,1,7,2521,3755,512,101,96.174598,elevated
510,5,1,7,1,1,8,3083,3754,269,102,96.550376,floor
511,5,1,7,1,1,9,3395,3754,621,102,71.483929,enclosed?
512,5,1,7,1,1,10,4498,3755,230,101,85.254959,Yes
513,5,1,7,1,1,11,4820,3790,64,64,85.080053,o
514,5,1,7,1,1,12,5082,3755,318,101,90.017154,Noo
515,5,1,7,1,2,1,1441,4075,298,128,96.544630,Type
516,5,1,7,1,2,2,1788,4074,115,102,96.801404,of
517,5,1,7,1,2,3,1941,4075,592,101,96.451050,enclosure
518,5,1,7,1,2,4,2579,4075,333,101,95.976444,walls:
519,5,1,7,1,2,5,3008,4075,673,128,11.007938,Breakaway
520,5,1,7,1,2,6,3732,4110,64,64,11.007938,a
521,5,1,7,1,2,7,4008,4075,391,101,34.105248,Lattice
522,5,1,7,1,2,8,4492,4110,64,64,90.996375,o
523,5,1,7,1,2,9,5502,4074,293,102,95.397761,Solid
524,5,1,7,1,2,10,5853,4075,577,127,92.990542,perimeter
525,5,1,7,1,2,11,6514,4110,64,64,87.714010,o
526,5,1,7,1,3,1,1444,4234,340,102,96.618046,Other
527,5,1,7,1,3,2,1830,4233,603,130,96.707433,(describe)
528,5,1,7,1,4,1,1005,4555,97,101,96.154498,6.
529,5,1,7,1,4,2,1200,4555,613,101,96.122794,Basement
530,5,1,7,1,4,3,1861,4555,538,101,96.276492,enclosed
531,5,1,7,1,4,4,2453,4581,299,75,94.967906,area:
532,5,1,7,1,4,5,2812,4555,315,101,93.273879,None
533,5,1,7,1,4,6,3214,4555,88,99,89.584820,X
534,5,1,7,1,4,7,4009,4555,500,101,92.875944,Finished
535,5,1,7,1,4,8,4608,4590,64,64,90.675395,o
536,5,1,7,1,4,9,5007,4554,634,102,92.936997,Unfinished
537,5,1,7,1,4,10,5738,4590,64,64,90.355957,o
538,5,1,7,1,5,1,1006,4874,96,98,91.800040,7.
539,5,1,7,1,5,2,1203,4873,89,101,86.548333,Is
540,5,1,7,1,5,3,1338,4873,187,101,94.918628,the
541,5,1,7,1,5,4,1576,4873,383,101,96.554526,lowest
542,5,1,7,1,5,5,2001,4872,271,102,95.706097,floor
543,5,1,7,1,5,6,2318,4873,298,128,95.933824,living
544,5,1,7,1,5,7,2671,4898,265,76,95.933824,area
545,5,1,7,1,5,8,2984,4872,155,102,95.191361,off
546,5,1,7,1,5,9,3178,4873,417,128,95.191361,ground
547,5,1,7,1,5,10,3653,4873,136,128,96.514950,by
548,5,1,7,1,5,11,3837,4898,403,76,95.523752,means
549,5,1,7,1,5,12,4288,4872,138,102,95.828693,of:
550,5,1,7,1,5,13,4526,4873,300,101,69.435434,Piers
551,5,1,7,1,5,14,4994,4908,64,64,85.772679,o
552,5,1,7,1,5,15,5506,4873,330,101,92.179325,Posts
553,5,1,7,1,5,16,5928,4908,64,64,89.996810,o
554,5,1,7,1,5,17,6504,4873,284,101,93.120567,Piles
555,5,1,7,1,5,18,6882,4908,64,64,91.537276,o
556,5,1,7,1,6,1,1195,5032,533,102,95.393400,Columns
557,5,1,7,1,6,2,1820,5068,64,64,53.751206,oa
558,5,1,7,1,6,3,2504,5032,291,102,96.094803,Solid
559,5,1,7,1,6,4,2853,5033,579,127,96.520464,perimeter
560,5,1,7,1,6,5,3471,5033,301,101,92.536342,walls
561,5,1,7,1,6,6,3856,5033,88,99,92.536342,X
562,5,1,7,1,6,7,4006,5033,443,101,95.882802,Parallel
563,5,1,7,1,6,8,4501,5033,345,101,96.028561,shear
564,5,1,7,1,6,9,4885,5033,301,101,91.819093,walls
565,5,1,7,1,6,10,5278,5068,64,64,91.819093,o
566,5,1,7,1,7,1,1194,5192,340,102,96.311913,Other
567,5,1,7,1,7,2,1580,5191,603,130,95.596097,(describe)
568,5,1,8,1,1,1,1006,5513,96,101,96.741223,8.
569,5,1,8,1,1,2,1200,5513,310,101,96.280252,Does
570,5,1,8,1,1,3,1563,5513,600,101,95.985398,basement
571,5,1,8,1,1,4,2206,5538,120,76,96.148960,or
572,5,1,8,1,1,5,2369,5513,540,101,96.345005,enclosed
573,5,1,8,1,1,6,2963,5538,263,76,96.361327,area
574,5,1,8,1,1,7,3277,5513,435,101,96.215618,contain
575,5,1,8,1,1,8,3769,5513,628,128,96.215618,machinery
576,5,1,8,1,1,9,4445,5513,214,101,96.732526,and
577,5,1,8,1,1,10,4713,5512,715,128,95.893461,equipment?
578,5,1,8,1,1,11,5474,5513,232,101,94.623879,Yes
579,5,1,8,1,1,12,5798,5548,64,64,41.602387,ao
580,5,1,8,1,1,13,6082,5513,162,101,84.496715,No
581,5,1,8,1,1,14,6328,5513,88,99,92.210606,X
582,5,1,9,1,1,1,1006,5830,96,102,92.958690,9.
583,5,1,9,1,1,2,1197,5830,452,129,96.629140,Garage
584,5,1,9,1,1,3,1696,5856,120,76,96.432797,or
585,5,1,9,1,1,4,1861,5831,538,101,96.413566,enclosed
586,5,1,9,1,1,5,2453,5856,267,76,93.760946,area
587,5,1,9,1,1,6,2773,5831,85,101,93.760946,is
588,5,1,9,1,1,7,2910,5831,283,101,96.092759,used
589,5,1,9,1,1,8,3243,5830,187,102,90.810357,for:
590,5,1,9,1,1,9,3530,5829,1498,130,90.810357,Parking/Storage/Access:
591,5,1,9,1,1,10,5118,5831,88,99,92.736452,X
592,5,1,9,1,2,1,1194,5989,340,103,96.477859,Other
593,5,1,9,1,2,2,1580,5989,603,130,94.902948,(describe)
594,5,1,10,1,1,1,1015,6310,163,102,96.137187,10.
595,5,1,10,1,1,2,1231,6311,300,128,96.762646,Type
596,5,1,10,1,1,3,1580,6310,115,102,96.844221,of
597,5,1,10,1,1,4,1739,6311,497,128,96.393380,building:
598,5,1,10,1,2,1,1256,6470,583,128,21.023035,oplit-level
599,5,1,10,1,2,2,1936,6506,64,64,88.355180,o
600,5,1,10,1,2,3,2321,6470,1404,102,89.914310,Townhouse/Rowhouse
601,5,1,10,1,2,4,3818,6506,64,64,86.746505,o
602,5,1,10,1,2,5,4173,6471,265,128,96.271377,High
603,5,1,10,1,2,6,4494,6471,263,101,91.991082,Rise
604,5,1,10,1,2,7,4848,6506,64,64,90.748253,o
605,5,1,11,1,1,1,1015,6790,163,100,96.159701,11.
606,5,1,11,1,1,2,1238,6791,486,101,96.569415,Number
607,5,1,11,1,1,3,1766,6790,115,102,95.701994,of
608,5,1,11,1,1,4,1915,6790,335,102,95.701994,floors
609,5,1,11,1,1,5,2303,6791,89,99,95.665077,in
610,5,1,11,1,1,6,2445,6791,338,101,96.598893,entire
611,5,1,11,1,1,7,2837,6791,459,128,96.091043,building
612,5,1,11,1,1,8,3352,6789,576,130,93.293172,(including
613,5,1,11,1,1,9,3985,6789,1184,103,91.686938,basement/enclosed
614,5,1,11,1,1,10,5223,6817,297,92,96.681820,"area,"
615,5,1,11,1,1,11,5583,6790,64,100,96.195451,if
616,5,1,11,1,1,12,5685,6789,293,130,96.059685,any):
617,5,1,11,1,2,1,1265,6948,481,102,35.566444,1floorg
618,5,1,11,1,2,2,2002,6948,444,102,54.054837,2floors
619,5,1,11,1,2,3,2532,6949,88,99,93.045666,X
620,5,1,11,1,2,4,3272,6949,64,101,64.783583,3
621,5,1,11,1,2,5,3386,6975,120,75,33.836842,or
622,5,1,11,1,2,6,3553,6975,302,75,33.836842,more
623,5,1,11,1,2,7,3899,6948,333,102,93.217622,floors
624,5,1,11,1,2,8,4324,6984,64,64,91.262748,o
625,5,1,12,1,1,1,1262,7270,69,100,90.657436,lf
626,5,1,12,1,1,2,1369,7269,1601,129,91.443712,"condominium/cooperative,"
627,5,1,12,1,1,3,3023,7271,290,101,96.818494,what
628,5,1,12,1,1,4,3363,7271,85,101,95.674358,is
629,5,1,12,1,1,5,3494,7271,185,101,95.778188,the
630,5,1,12,1,1,6,3730,7271,385,101,96.478758,lowest
631,5,1,12,1,1,7,4155,7270,271,102,96.581020,floor
632,5,1,12,1,1,8,4473,7271,89,99,96.404156,in
633,5,1,12,1,1,9,4615,7297,269,102,96.307380,your
634,5,1,12,1,1,10,4929,7270,285,102,96.414793,unit?
635,5,1,12,1,2,1,1265,7424,129,104,52.281942,1°
636,5,1,12,1,2,2,1435,7428,269,102,93.055174,floor
637,5,1,12,1,2,3,1752,7464,64,64,91.664962,o
638,5,1,12,1,2,4,2140,7422,166,106,75.074024,2™
639,5,1,12,1,2,5,2351,7428,271,102,95.508279,floor
640,5,1,12,1,2,6,2708,7464,64,64,69.829016,a
641,5,1,12,1,2,7,3060,7422,144,108,23.042841,3”
642,5,1,12,1,2,8,3251,7428,271,102,96.157203,floor
643,5,1,12,1,2,9,3562,7455,120,75,96.157203,or
644,5,1,12,1,2,10,3729,7429,379,128,92.895453,higher
645,5,1,12,1,2,11,4194,7464,64,64,86.363798,o
646,5,1,13,1,1,1,1260,7749,160,101,95.409370,Do
647,5,1,13,1,1,2,1467,7775,210,102,95.965946,you
648,5,1,13,1,1,3,1737,7749,284,101,96.023664,have
649,5,1,13,1,1,4,2069,7774,423,76,94.493484,access
650,5,1,13,1,1,5,2538,7752,108,98,96.492939,to
651,5,1,13,1,1,6,2699,7749,600,101,96.097344,basement
652,5,1,13,1,1,7,3342,7748,530,129,91.341985,storage?
653,5,1,13,1,1,8,3998,7749,348,101,49.251885,Yeso
654,5,1,13,1,1,9,4506,7749,162,101,92.614025,No
655,5,1,13,1,1,10,4798,7784,64,64,90.690827,o
656,5,1,14,1,1,1,1015,8068,163,100,95.361223,12.
657,5,1,14,1,1,2,1230,8069,235,128,96.535458,Any
658,5,1,14,1,1,3,1507,8068,290,102,95.475821,flood
659,5,1,14,1,1,4,1850,8095,120,75,96.112141,or
660,5,1,14,1,1,5,2009,8072,339,98,96.112141,water
661,5,1,14,1,1,6,2390,8069,491,128,96.552169,damage
662,5,1,14,1,1,7,2936,8069,410,118,96.209428,"losses,"
663,5,1,14,1,1,8,3397,8069,269,127,61.489143,paid
664,5,1,14,1,1,9,3706,8095,129,75,96.407934,or
665,5,1,14,1,1,10,3870,8069,432,127,96.299524,"unpaid,"
666,5,1,14,1,1,11,4367,8069,89,99,95.958785,in
667,5,1,14,1,1,12,4504,8069,185,101,96.435449,the
668,5,1,14,1,1,13,4744,8069,205,101,93.497685,last
669,5,1,14,1,1,14,5003,8068,133,102,93.497685,10
670,5,1,14,1,1,15,5183,8068,409,129,93.386788,years?
671,5,1,14,1,1,16,5678,8069,230,101,93.170161,Yes
672,5,1,14,1,1,17,6002,8104,64,64,87.223451,o
673,5,1,14,1,1,18,6356,8069,162,101,89.705253,No
674,5,1,14,1,1,19,6564,8069,88,99,89.705253,X
675,5,1,14,1,2,1,1260,8229,275,101,96.635860,Date
676,5,1,14,1,2,2,1584,8228,115,102,95.387081,of
677,5,1,14,1,2,3,1742,8229,234,101,96.605400,loss
678,5,1,14,1,2,4,2908,8229,473,101,96.583448,Amount
679,5,1,14,1,2,5,3428,8228,115,102,96.884880,of
680,5,1,14,1,2,6,3586,8229,234,101,96.676092,loss
681,5,1,14,1,3,1,1258,8385,279,130,96.429217,(Use
682,5,1,14,1,3,2,1590,8387,346,101,95.906072,Notes
683,5,1,14,1,3,3,1985,8387,425,101,96.426403,section
684,5,1,14,1,3,4,2469,8387,349,101,96.288570,below
685,5,1,14,1,3,5,2859,8386,165,102,96.793429,for
686,5,1,14,1,3,6,3070,8387,232,101,96.596932,loss
687,5,1,14,1,3,7,3350,8386,437,129,96.073619,details)
688,5,1,15,1,1,1,1015,8706,163,102,95.565467,13.
689,5,1,15,1,1,2,1239,8707,308,101,96.064008,Have
690,5,1,15,1,1,3,1595,8733,210,102,96.215737,you
691,5,1,15,1,1,4,1863,8707,506,101,96.059951,received
692,5,1,15,1,1,5,2427,8710,585,125,95.455210,payments
693,5,1,15,1,1,6,3057,8706,165,102,95.920199,for
694,5,1,15,1,1,7,3269,8707,450,101,95.920199,Federal
695,5,1,15,1,1,8,3776,8707,502,101,96.635345,Disaster
696,5,1,15,1,1,9,4327,8706,346,102,96.620719,Relief
697,5,1,15,1,1,10,4709,8706,163,102,95.578790,for
698,5,1,15,1,1,11,4913,8733,216,102,96.923901,any
699,5,1,15,1,1,12,5171,8706,290,102,96.464812,flood
700,5,1,15,1,1,13,5514,8733,120,75,95.470947,or
701,5,1,15,1,1,14,5673,8711,339,97,95.984914,water
702,5,1,15,1,1,15,6056,8707,489,128,96.094730,damage
703,5,1,15,1,1,16,6598,8706,308,102,95.449125,loss?
704,5,1,15,1,2,1,1252,8867,228,101,91.939226,Yes
705,5,1,15,1,2,2,1574,8902,64,64,91.275049,o
706,5,1,15,1,2,3,1928,8867,162,101,93.245159,No
707,5,1,15,1,2,4,2174,8867,88,99,90.357672,X
708,5,1,16,1,1,1,1260,9027,275,101,96.718738,Date
709,5,1,16,1,1,2,1584,9026,115,102,96.122443,of
710,5,1,16,1,1,3,1742,9027,234,101,96.122443,loss
711,5,1,16,1,1,4,2984,9027,475,101,96.550471,Amount
712,5,1,16,1,1,5,3504,9026,115,102,96.150006,of
713,5,1,16,1,1,6,3664,9027,232,101,95.385743,loss
714,5,1,16,1,1,7,4912,9025,279,130,96.589411,(Use
715,5,1,16,1,1,8,5248,9027,344,101,95.865156,Notes
716,5,1,16,1,1,9,5641,9027,427,101,95.865156,section
717,5,1,16,1,1,10,6125,9027,353,101,96.650393,below
718,5,1,16,1,1,11,6519,9026,161,102,95.369235,for
719,5,1,16,1,1,12,6728,9027,232,101,95.733415,loss
720,5,1,16,1,1,13,7008,9025,439,130,95.888955,details)
721,5,1,17,1,1,1,1015,9344,163,100,96.472099,14.
722,5,1,17,1,1,2,1238,9345,506,101,96.472099,Location
723,5,1,17,1,1,3,1798,9344,115,102,96.721293,of
724,5,1,17,1,1,4,1951,9348,545,98,96.336759,contents:
725,5,1,18,1,1,1,1260,9665,611,101,96.550496,Basement
726,5,1,18,1,1,2,1916,9665,247,128,94.727529,only
727,5,1,18,1,1,3,2214,9664,427,129,95.254683,(limited
728,5,1,18,1,1,4,2696,9663,605,130,93.068386,coverage)
729,5,1,18,1,1,5,3394,9700,64,64,90.581253,o
730,5,1,18,1,1,6,4332,9665,611,101,95.900351,Basement
731,5,1,18,1,1,7,4991,9665,214,101,96.384049,and
732,5,1,18,1,1,8,5261,9665,366,101,93.194302,above
733,5,1,18,1,1,9,5720,9700,64,64,85.184063,o
734,5,1,18,1,2,1,1260,9825,425,101,96.637498,Lowest
735,5,1,18,1,2,2,1727,9824,271,102,95.771450,floor
736,5,1,18,1,2,3,2040,9825,247,128,93.175139,only
737,5,1,18,1,2,4,2328,9883,77,10,92.268006,—
738,5,1,18,1,2,5,2449,9825,366,101,96.765065,above
739,5,1,18,1,2,6,2864,9825,419,128,96.509429,ground
740,5,1,18,1,2,7,3340,9825,269,101,91.851044,level
741,5,1,18,1,2,8,3704,9860,64,64,90.904953,o
742,5,1,18,1,2,9,4332,9825,427,101,96.460458,Lowest
743,5,1,18,1,2,10,4799,9824,271,102,96.326960,floor
744,5,1,18,1,2,11,5113,9825,368,101,96.326960,above
745,5,1,18,1,2,12,5528,9825,417,128,96.317491,ground
746,5,1,18,1,2,13,6004,9825,265,101,93.151990,level
747,5,1,18,1,2,14,6324,9824,82,102,93.129313,&
748,5,1,18,1,2,15,6459,9825,376,128,95.930974,higher
749,5,1,18,1,2,16,6875,9824,331,102,93.216494,floors
750,5,1,18,1,2,17,7294,9825,88,99,91.808129,X
751,5,1,18,1,3,1,1250,9985,385,101,96.676151,Above
752,5,1,18,1,3,2,1684,9985,419,128,96.798225,ground
753,5,1,18,1,3,3,2160,9985,267,101,96.340574,level
754,5,1,18,1,3,4,2478,10010,223,76,96.739907,one
755,5,1,18,1,3,5,2745,9984,166,102,95.781470,full
756,5,1,18,1,3,6,2961,9984,271,102,95.706230,floor
757,5,1,18,1,3,7,3272,10011,122,75,96.597815,or
758,5,1,18,1,3,8,3439,10011,302,75,92.070263,more
759,5,1,18,1,3,9,3834,10020,64,64,91.396096,o
760,5,1,19,1,1,1,1000,10240,102,101,95.563987,©
761,5,1,19,1,1,2,1147,10240,584,129,96.287170,Copyright
762,5,1,19,1,1,3,1776,10240,299,102,95.514452,2005
763,5,1,19,1,1,4,2127,10241,134,128,95.170578,by
764,5,1,19,1,1,5,2311,10240,396,102,93.126726,Chubb
765,5,1,19,1,1,6,2756,10240,82,102,93.126726,&
766,5,1,19,1,1,7,2888,10240,232,102,96.440313,Son
767,5,1,19,1,1,8,3179,10241,199,101,96.239159,Inc.
768,5,1,19,1,1,9,3439,10241,305,101,95.961335,Form
769,5,1,19,1,1,10,3800,10241,194,101,96.684148,No.
770,5,1,19,1,1,11,4052,10240,698,102,96.624173,02-03-0023
771,5,1,19,1,1,12,4805,10241,147,99,95.009378,FL
772,5,1,19,1,1,13,5002,10239,310,130,95.009378,(Rev.
773,5,1,19,1,1,14,5379,10239,528,130,96.129153,11/2013)
774,5,1,19,1,1,15,6004,10241,307,128,96.129153,Page
775,5,1,19,1,1,16,6362,10241,64,101,96.674024,3
776,5,1,19,1,1,17,6476,10240,115,102,96.852390,of
777,5,1,19,1,1,18,6628,10241,68,99,96.989471,4
778,5,1,1,1,1,1,1015,1040,163,102,96.554937,15.
779,5,1,1,1,1,2,1241,1040,68,100,93.277091,If
780,5,1,1,1,1,3,1356,1041,580,101,91.057355,Post-Firm
781,5,1,1,1,1,4,1991,1041,735,101,96.258470,construction
782,5,1,1,1,1,5,2781,1041,91,99,96.048300,in
783,5,1,1,1,1,6,2920,1041,378,101,96.048300,Zones
784,5,1,1,1,1,7,3344,1041,118,118,92.501510,"A,"
785,5,1,1,1,1,8,3514,1040,486,119,87.730438,"A1-A30,"
786,5,1,1,1,1,9,4054,1041,210,118,96.481470,"AE,"
787,5,1,1,1,1,10,4316,1040,226,119,96.713131,"AO,"
788,5,1,1,1,1,11,4592,1041,220,118,93.276166,"AH,"
789,5,1,1,1,1,12,4864,1041,118,118,83.000791,"V,"
790,5,1,1,1,1,13,5033,1040,487,119,83.000791,"V1-V30,"
791,5,1,1,1,1,14,5577,1041,216,101,96.119433,and
792,5,1,1,1,1,15,5853,1040,64,100,93.263397,if
793,5,1,1,1,1,16,5962,1041,518,101,92.141829,Pre-Firm
794,5,1,1,1,1,17,6533,1041,735,101,96.513411,construction
795,5,1,1,1,2,1,1193,1201,214,101,92.835194,and
796,5,1,1,1,2,2,1467,1201,1001,118,90.916474,"Elevation-Rated,"
797,5,1,1,1,2,3,2525,1201,403,101,96.626711,submit
798,5,1,1,1,2,4,2975,1200,717,102,96.111760,Certification
799,5,1,1,1,2,5,3743,1201,216,101,96.615455,and
800,5,1,1,1,2,6,4013,1201,554,127,96.023695,complete
801,5,1,1,1,2,7,4615,1201,541,101,96.325992,elevation
802,5,1,1,1,2,8,5210,1201,256,101,96.325992,data
803,5,1,1,1,2,9,5523,1201,379,101,95.686162,below:
804,5,1,1,1,2,10,5962,1199,760,130,96.105950,(Certification
805,5,1,1,1,2,11,6774,1201,473,127,96.105950,optional
806,5,1,1,1,2,12,7295,1200,163,102,96.863289,for
807,5,1,1,1,3,1,1197,1361,874,101,92.464395,non-basement
808,5,1,1,1,3,2,2121,1361,533,128,95.790295,buildings
809,5,1,1,1,3,3,2709,1361,89,99,96.914380,in
810,5,1,1,1,3,4,2848,1361,376,101,95.860502,Zones
811,5,1,1,1,3,5,3268,1361,120,118,95.860502,"A,"
812,5,1,1,1,3,6,3438,1359,226,120,96.570512,"AO,"
813,5,1,1,1,3,7,3721,1361,216,101,96.709248,and
814,5,1,1,1,3,8,3986,1359,273,130,95.618677,AH.)
815,5,1,2,1,1,1,1260,1681,474,128,95.855060,Building
816,5,1,2,1,1,2,1790,1681,504,128,93.296458,Diagram
817,5,1,2,1,1,3,2345,1679,74,103,93.280472,#
818,5,1,2,1,1,4,3543,1681,298,128,96.232375,Type
819,5,1,2,1,1,5,3890,1680,117,102,96.348063,of
820,5,1,2,1,1,6,4047,1680,281,102,91.805450,Cert:
821,5,1,2,1,1,7,4428,1681,434,101,78.697901,Noneo
822,5,1,2,1,1,8,4998,1681,264,100,93.832932,With
823,5,1,2,1,1,9,5320,1681,253,99,93.237431,BFE
824,5,1,2,1,1,10,5668,1716,64,64,81.298460,o
825,5,1,2,1,1,11,5998,1681,466,101,93.721557,Without
826,5,1,2,1,1,12,6514,1681,253,99,93.046410,BFE
827,5,1,2,1,1,13,6860,1716,64,64,92.115480,o
828,5,1,3,1,1,1,1260,1999,425,101,96.479940,Lowest
829,5,1,3,1,1,2,1737,1999,307,101,96.038938,Floor
830,5,1,3,1,1,3,2093,1999,585,101,96.038938,Elevation:
831,5,1,3,1,1,4,4282,1999,394,101,96.419077,minus
832,5,1,3,1,1,5,4732,1999,299,101,96.419077,Base
833,5,1,3,1,1,6,5087,1999,326,101,96.475636,Flood
834,5,1,3,1,1,7,5475,1999,585,101,96.214646,Elevation:
835,5,1,3,1,2,1,1254,2159,426,127,96.606943,equals
836,5,1,3,1,2,2,1739,2159,256,101,96.802796,Elev
837,5,1,3,1,2,3,2046,2158,201,100,96.064917,Diff
838,5,1,3,1,2,4,2290,2157,521,130,95.935831,(Nearest
839,5,1,3,1,2,5,2863,2159,190,101,96.264647,Est
840,5,1,3,1,2,6,3103,2159,264,101,91.917927,Foot
841,5,1,3,1,2,7,3416,2157,199,130,91.672855,+/-)
842,5,1,4,1,1,1,1261,2479,456,128,96.110040,Highest
843,5,1,4,1,1,2,1758,2479,537,128,96.688803,Adjacent
844,5,1,4,1,1,3,2341,2477,374,103,96.649967,Grade
845,5,1,4,1,1,4,2768,2477,412,130,55.054493,(HAG):
846,5,1,4,1,1,5,4506,2479,427,101,96.391920,Lowest
847,5,1,4,1,1,6,4974,2479,539,128,96.696785,Adjacent
848,5,1,4,1,1,7,5559,2477,372,103,96.662758,Grade
849,5,1,4,1,1,8,5982,2477,392,130,95.597514,(LAG):
850,5,1,5,1,1,1,1010,2798,171,102,96.146162,16.
851,5,1,5,1,1,2,1238,2799,411,101,96.146162,Notes:
852,5,1,6,1,1,1,1256,5671,386,101,96.248873,Fraud
853,5,1,6,1,1,2,1688,5671,540,128,96.288144,Warning
854,5,1,7,1,1,1,1256,5991,452,101,96.799331,Florida
855,5,1,7,1,1,2,1747,5991,711,127,96.768148,Applicants
856,5,1,7,1,1,3,2504,5991,320,128,96.512410,only:
857,5,1,7,1,1,4,2866,5991,247,128,96.560336,Any
858,5,1,7,1,1,5,3145,6016,420,102,95.723346,person
859,5,1,7,1,1,6,3619,5991,243,101,95.628791,who
860,5,1,7,1,1,7,3907,5991,612,128,95.628791,knowingly
861,5,1,7,1,1,8,4558,5991,228,101,96.101097,and
862,5,1,7,1,1,9,4829,5991,232,100,95.660609,with
863,5,1,7,1,1,10,5110,5991,338,101,95.660609,intent
864,5,1,7,1,1,11,5492,5994,105,98,96.735206,to
865,5,1,7,1,1,12,5642,5991,358,127,96.184200,"injure,"
866,5,1,7,1,1,13,6061,5990,487,120,96.423385,"defraud,"
867,5,1,7,1,1,14,6606,6017,128,75,95.596171,or
868,5,1,7,1,1,15,6771,5991,469,101,95.660377,deceive
869,5,1,7,1,2,1,1256,6176,223,103,96.669860,any
870,5,1,7,1,2,2,1514,6151,431,101,96.549496,insurer
871,5,1,7,1,2,3,1980,6150,239,102,96.742786,files
872,5,1,7,1,2,4,2264,6176,67,76,96.928532,a
873,5,1,7,1,2,5,2380,6154,610,98,96.532849,statement
874,5,1,7,1,2,6,3028,6150,128,102,96.919831,of
875,5,1,7,1,2,7,3184,6151,312,101,96.636695,claim
876,5,1,7,1,2,8,3544,6177,127,75,96.199668,or
877,5,1,7,1,2,9,3706,6177,145,75,96.199668,an
878,5,1,7,1,2,10,3900,6151,653,127,95.491726,application
879,5,1,7,1,2,11,4604,6151,624,128,96.394200,containing
880,5,1,7,1,2,12,5272,6176,225,103,96.426403,any
881,5,1,7,1,2,13,5536,6150,310,120,96.447824,"false,"
882,5,1,7,1,2,14,5902,6151,692,127,96.302254,"incomplete,"
883,5,1,7,1,2,15,6652,6176,127,76,96.349786,or
884,5,1,7,1,2,16,6815,6151,659,128,95.735376,misleading
885,5,1,7,1,3,1,1254,6310,675,102,95.086564,information
886,5,1,7,1,3,2,1978,6311,95,101,94.630491,is
887,5,1,7,1,3,3,2116,6311,327,128,96.138174,guilty
888,5,1,7,1,3,4,2482,6310,126,102,96.798044,of
889,5,1,7,1,3,5,2634,6337,67,75,96.954187,a
890,5,1,7,1,3,6,2750,6310,372,129,96.509023,felony
891,5,1,7,1,3,7,3160,6310,126,102,96.509023,of
892,5,1,7,1,3,8,3316,6311,182,101,96.596214,the
893,5,1,7,1,3,9,3546,6311,268,101,96.596214,third
894,5,1,7,1,3,10,3855,6311,449,128,96.378448,degree.
895,5,1,8,1,1,1,1000,10240,102,102,95.447892,©
896,5,1,8,1,1,2,1147,10240,584,129,96.179388,Copyright
897,5,1,8,1,1,3,1776,10240,299,102,95.557758,2005
898,5,1,8,1,1,4,2127,10241,134,128,94.789607,by
899,5,1,8,1,1,5,2311,10240,396,102,93.189164,Chubb
900,5,1,8,1,1,6,2756,10240,82,102,93.189164,&
901,5,1,8,1,1,7,2888,10240,232,102,96.318564,Son
902,5,1,8,1,1,8,3178,10241,200,101,96.364598,Inc.
903,5,1,8,1,1,9,3439,10241,305,101,96.065601,Form
904,5,1,8,1,1,10,3800,10241,194,101,96.553539,No.
905,5,1,8,1,1,11,4052,10240,698,102,96.583488,02-03-0023
906,5,1,8,1,1,12,4805,10241,147,99,94.827734,FL
907,5,1,8,1,1,13,5002,10239,310,130,94.827734,(Rev.
908,5,1,8,1,1,14,5379,10239,528,130,96.443597,11/2013)
909,5,1,8,1,1,15,6004,10241,307,128,96.648093,Page
910,5,1,8,1,1,16,6358,10241,68,99,94.633778,4
911,5,1,8,1,1,17,6476,10240,115,102,94.633778,of
912,5,1,8,1,1,18,6628,10241,68,99,96.950165,4
